Price,Rooms & Living Space Details,Address
CHF 4’060.– / Monat,3.5 Zimmer 83m² Wohnfläche,"Zollikerstrasse 6, 8008 Zürich"
CHF 2’080.– / Monat,6.5 Zimmer 129m² Wohnfläche,"Saumackerstrasse 104, 8048 Zürich"
CHF 11’750.– / Monat,11 Zimmer 320m² Wohnfläche,"Drusbergstrasse 91, 8053 Zürich"
CHF 810.– / Monat,6.5 Zimmer 98m² Wohnfläche,"Kirchgasse 33, 8001 Zürich"
CHF 960.– / Monat,8 Zimmer 145m² Wohnfläche,"Bühlstrasse 43, 8055 Zürich"
CHF 990.– / Monat,6.5 Zimmer 168m² Wohnfläche,"Höschgasse 68, 8008 Zürich"
CHF 8’700.– / Monat,6.5 Zimmer 140m² Wohnfläche,"Zollikerstrasse 6, 8008 Zürich"
CHF 5’130.– / Monat,4.5 Zimmer 114m² Wohnfläche,"Zollikerstrasse 6, 8008 Zürich"
CHF 6’910.– / Monat,6.5 Zimmer 150m² Wohnfläche,"Scheideggstrasse 65, 8002 Zürich"
CHF 6’690.– / Monat,6.5 Zimmer 160m² Wohnfläche,"Letzigraben 114/116, 8047 Zürich"
CHF 5’170.– / Monat,4.5 Zimmer 135m² Wohnfläche,"Letzigraben 114/116, 8047 Zürich"
CHF 6’440.– / Monat,7.5 Zimmer 140m² Wohnfläche,"Letzigraben 114/116, 8047 Zürich"
CHF 5’870.– / Monat,6.5 Zimmer 160m² Wohnfläche,"Käferholzstrasse 32, 8057 Zürich"
CHF 6’320.– / Monat,5 Zimmer 190m² Wohnfläche,"Militärstrasse 118, 8004 Zürich"
CHF 74’400.– / Monat,6.5 Zimmer 150m² Wohnfläche,8008 Zürich
CHF 720.– / Woche,3.5 Zimmer 47m² Wohnfläche,"Hagenholzstrasse 59, 8050 Zürich"
CHF 16’290.– / Monat,10.5 Zimmer 320m² Wohnfläche,"Höschgasse 29, 8008 Zürich"
CHF 4’890.– / Monat,5 Zimmer,"Spiegelhofstrasse, 8032 Zürich"
CHF 5’450.– / Monat,6.5 Zimmer 158m² Wohnfläche,"Kleinertstrasse 2, 8037 Zürich"
CHF 5’500.– / Monat,6.5 Zimmer 185m² Wohnfläche,"Badenerstrasse 855, 8048 Zürich"
CHF 2’790.– / Monat,3 Zimmer 98m² Wohnfläche,"Riedenhaldenstrasse 80, 8046 Zürich"
CHF 3’720.– / Monat,4.5 Zimmer 127m² Wohnfläche,"Regensbergstrasse 85, 8050 Zürich"
CHF 4’530.– / Monat,5 Zimmer 140m² Wohnfläche,"Wieslergasse, 8049 Zürich"
CHF 4’610.– / Monat,5 Zimmer 145m² Wohnfläche,"Hirslanderstrasse 33, 8032 Zürich"
CHF 3’840.– / Monat,3 Zimmer 104m² Wohnfläche,"Schulhausstrasse 47, 8002 Zürich"
CHF 4’140.– / Monat,4.5 Zimmer 104m² Wohnfläche,"Schöneggstrasse 15, 8004 Zürich"
CHF 4’290.– / Monat,6.5 Zimmer 152m² Wohnfläche,"Schöneggstrasse 15, 8004 Zürich"
CHF 7’620.– / Monat,6.5 Zimmer 160m² Wohnfläche,"Zürichbergstrasse 129, 8044 Zürich"
CHF 2’450.– / Monat,3.5 Zimmer,"Am Wasser 87, 8049 Zürich"
CHF 3’490.– / Monat,3.5 Zimmer 87m² Wohnfläche,8057 Zürich
CHF 4’110.– / Monat,4.5 Zimmer 97m² Wohnfläche,"Haldenstrasse, 8045 Zürich"
CHF 3’720.– / Monat,3.5 Zimmer 127m² Wohnfläche,"Spinnereiplatz 1, 8041 Zürich"
CHF 5’290.– / Monat,6.5 Zimmer,"Wildbachstrasse 69, 8008 Zürich"
CHF 4’460.– / Monat,6.5 Zimmer 170m² Wohnfläche,"Friedhofstrasse 41, 8048 Zürich"
CHF 11’160.– / Monat,7.5 Zimmer 220m² Wohnfläche,"Brandschenkestrasse, 8002 Zürich"
CHF 7’730.– / Monat,7.5 Zimmer 190m² Wohnfläche,"Drusbergstrasse, 8053 Zürich"
CHF 2’600.– / Monat,3 Zimmer 97m² Wohnfläche,"Ackersteinstrasse 87, 8049 Zürich"
CHF 12’250.– / Monat,7.5 Zimmer 230m² Wohnfläche,"In der Sommerau 9, 8053 Zürich"
CHF 3’490.– / Monat,6.5 Zimmer 131m² Wohnfläche,"Regensbergstrasse 177, 8050 Zürich"
CHF 4’340.– / Monat,6.5 Zimmer 137m² Wohnfläche,"Saumackerstrasse 68, 8048 Zürich"
CHF 4’700.– / Monat,6.5 Zimmer 156m² Wohnfläche,"Saumackerstrasse 68, 8048 Zürich"
CHF 4’460.– / Monat,6.5 Zimmer 164m² Wohnfläche,"Im Sträler 21, 8047 Zürich"
CHF 8’180.– / Monat,8.5 Zimmer 210m² Wohnfläche,"Hochstrasse 44, 8044 Zürich"
CHF 3’270.– / Monat,4.5 Zimmer 189m² Wohnfläche,"Hohlstrasse 212, 8004 Zürich"
CHF 5’970.– / Monat,7.5 Zimmer 190m² Wohnfläche,"Rümlangstrasse 51, 8052 Zürich"
CHF 6’690.– / Monat,8 Zimmer 200m² Wohnfläche,"Bederstrasse 51, 8002 Zürich"
CHF 8’160.– / Monat,7.5 Zimmer 170m² Wohnfläche,"Freiestrasse 206, 8032 Zürich"
CHF 5’130.– / Monat,7.5 Zimmer 185m² Wohnfläche,"Buchholzstrasse 167, 8053 Zürich"
CHF 3’500.– / Monat,6.5 Zimmer 127m² Wohnfläche,"Carl Spitteler-Strasse 69, 8053 Zürich"
CHF 6’990.– / Monat,9 Zimmer 240m² Wohnfläche,"Rütistrasse 14, 8044 Gockhausen"
CHF 3’720.– / Monat,6.5 Zimmer 135m² Wohnfläche,"Ringstrasse 70, 8057 Zürich"
CHF 7’750.– / Monat,7.5 Zimmer 180m² Wohnfläche,"DUFOURSTRASSE 179, 8008 Zürich"
CHF 4’660.– / Monat,5 Zimmer 139m² Wohnfläche,"Weggengasse 6, 8001 Zürich"
CHF 8’630.– / Monat,7.5 Zimmer 160m² Wohnfläche,"Carmenstrasse, 8032 Zürich"
CHF 2’490.– / Monat,2 Zimmer 64m² Wohnfläche,"Seefeldstrasse 255A, 8008 Zürich"
CHF 5’650.– / Monat,6.5 Zimmer 180m² Wohnfläche,8049 Zürich
CHF 5’500.– / Monat,4.5 Zimmer 145m² Wohnfläche,"Gablerstrasse 36, 8002 Zürich"
CHF 6’990.– / Monat,6 Zimmer 170m² Wohnfläche,"Höhenweg 19, 8032 Zürich"
CHF 7’360.– / Monat,8 Zimmer 200m² Wohnfläche,"Hinterbergstrasse 69, 8044 Zürich"
CHF 1’470.– / Monat,2 Zimmer 50m² Wohnfläche,"Beckhammer 19, 8057 Zürich"
CHF 2’490.– / Monat,3.5 Zimmer 77m² Wohnfläche,"Sädlenweg, 8055 Zürich"
CHF 7’360.– / Monat,7.5 Zimmer 173m² Wohnfläche,"Bolleystrasse 15, 8006 Zürich"
CHF 5’500.– / Monat,6.5 Zimmer 189m² Wohnfläche,"Hofstrasse 124, 8044 Zürich"
CHF 9’790.– / Monat,7.5 Zimmer 200m² Wohnfläche,"Landoltstrasse1, 8006 Zürich"
CHF 3’720.– / Monat,3 Zimmer 150m² Wohnfläche,"Seebacherstrasse 36, 8052 Zürich"
CHF 3’860.– / Monat,4.5 Zimmer 87m² Wohnfläche,"Rindermarkt 12, 8001 Zürich"
CHF 8’590.– / Monat,11.5 Zimmer 320m² Wohnfläche,8038 Zürich
CHF 6’430.– / Monat,7.5 Zimmer,"Schulhausstrasse 55, 8002 Zürich"
CHF 5’870.– / Monat,7.5 Zimmer 150m² Wohnfläche,"Eichrainstrasse 29, 8052 Zürich"
CHF 2’700.– / Monat,4.5 Zimmer 120m² Wohnfläche,"Imbisbühlstrasse 149, 8049 Zürich"
CHF 5’720.– / Monat,6.5 Zimmer 154m² Wohnfläche,"Lindenbachstrasse, 8006 Zürich"
CHF 4’720.– / Monat,6.5 Zimmer 139m² Wohnfläche,"Badenerstrasse 672, 8048 Zürich"
CHF 5’780.– / Monat,3.5 Zimmer 141m² Wohnfläche,"Kreuzstrasse, 8008 Zürich"
CHF 5’330.– / Monat,6.5 Zimmer 180m² Wohnfläche,"Sempacherstrasse 23, 8032 Zürich"
CHF 4’220.– / Monat,6.5 Zimmer 185m² Wohnfläche,"Birchstrasse 18, 8057 Zürich"
CHF 5’330.– / Monat,6.5 Zimmer 185m² Wohnfläche,"Letzigraben 107A, 8047 Zürich"
CHF 3’880.– / Monat,3 Zimmer 97m² Wohnfläche,"Wipkingerweg 12, 8037 Zürich"
CHF 2’970.– / Monat,3 Zimmer 135m² Wohnfläche,"Nussbaumstrasse 12, 8003 Zürich"
CHF 3’690.– / Monat,3 Zimmer 97m² Wohnfläche,"Mutschellenstrasse 17, 8002 Zürich"
CHF 5’130.– / Monat,5 Zimmer 131m² Wohnfläche,"Badenerstrasse 310, 8004 Zürich"
CHF 7’860.– / Monat,7.5 Zimmer,"Fritz-Fleiner-Weg 7, 8044 Zürich"
CHF 3’750.– / Monat,5 Zimmer 116m² Wohnfläche,"Altstetterstrasse 203, Zürich, Schweiz, 8048 Zürich"
CHF 3’120.– / Monat,3 Zimmer 135m² Wohnfläche,"Rosengartenstrasse 55, 8037 Zürich"
CHF 8’140.– / Monat,4.5 Zimmer 160m² Wohnfläche,"Spitalgasse 2, 8001 Zurich"
CHF 5’070.– / Monat,4.5 Zimmer 173m² Wohnfläche,"Zwinglistrasse 27, 8004 Zurich"
CHF 5’920.– / Monat,6.5 Zimmer 170m² Wohnfläche,"Hofstrasse 64, 8032 Zürich"
CHF 530.– / Monat,2 Zimmer 54m² Wohnfläche,"Bucheggstrasse 4, 8037 Zürich"
CHF 370.– / Monat,2 Zimmer 28m² Wohnfläche,"Bucheggstrasse 6, 8037 Zürich"
CHF 8’550.– / Monat,4.5 Zimmer 180m² Wohnfläche,"Volkmarstrasse 10, 8006 Zürich"
CHF 4’910.– / Monat,5 Zimmer 106m² Wohnfläche,"Gemeindestrasse 26, 8032 Zürich"
CHF 4’290.– / Monat,6.5 Zimmer 154m² Wohnfläche,"Manessestrasse 8, 8003 Zürich"
CHF 5’170.– / Monat,7.5 Zimmer 200m² Wohnfläche,"Ruedi Walter-Str. 4, 8050 Zürich"
CHF 5’910.– / Monat,6.5 Zimmer 220m² Wohnfläche,"Schulhausstr. 17, 8002 Zürich"
CHF 5’300.– / Monat,6.5 Zimmer 140m² Wohnfläche,"Butzenstr. 44, 8038 Zürich"
CHF 3’490.– / Monat,4.5 Zimmer 121m² Wohnfläche,"Steinbrüchelstr. 2, 8053 Zürich"
CHF 5’720.– / Monat,4.5 Zimmer 160m² Wohnfläche,"Brunaustr. 72, 8002 Zürich"
CHF 3’570.– / Monat,3 Zimmer 129m² Wohnfläche,"Edenstrasse 9, 8045 Zürich"
CHF 10’710.– / Monat,10.5 Zimmer 370m² Wohnfläche,"Schlössliweg 9, 8044 Zürich"
CHF 13’350.– / Monat,10.5 Zimmer 290m² Wohnfläche,"Hadlaubstrasse 111, 8006 Zürich"
CHF 9’440.– / Monat,5 Zimmer 170m² Wohnfläche,"Claridenstrasse 40, 8002 Zürich"
CHF 4’960.– / Monat,3 Zimmer 120m² Wohnfläche,"Steinstrasse 25, 8003 Zürich Wiedikon"
CHF 4’190.– / Monat,4.5 Zimmer 93m² Wohnfläche,"Steinstrasse 25, 8003 Zürich Wiedikon"
CHF 2’620.– / Monat,3.5 Zimmer 112m² Wohnfläche,"Schwamendingenstrasse 24, 8050 Zürich"
CHF 5’500.– / Monat,4.5 Zimmer 140m² Wohnfläche,"Tödistrasse 38, 8002 Zürich"
CHF 5’180.– / Monat,7.5 Zimmer 140m² Wohnfläche,"Giblenstrasse 55, 8049 Zürich"
CHF 39’520.– / Monat,10.5 Zimmer 750m² Wohnfläche,"Dianastrasse 5, 8002 Zürich"
CHF 2’820.– / Monat,3.5 Zimmer 45m² Wohnfläche,"Bernerstrasse S 169, 8048 Zürich"
CHF 4’630.– / Monat,4.5 Zimmer 118m² Wohnfläche,"Steinstrasse 25, 8003 Zürich Wiedikon"
CHF 3’920.– / Monat,4.5 Zimmer 93m² Wohnfläche,"Steinstrasse 25, 8003 Zürich Wiedikon"
CHF 4’910.– / Monat,4.5 Zimmer 120m² Wohnfläche,"Steinstrass 25, 8003 Zürich Wiedikon"
CHF 4’730.– / Monat,4.5 Zimmer 116m² Wohnfläche,"Steinstrasse 25, 8003 Zürich"
CHF 4’660.– / Monat,4.5 Zimmer 114m² Wohnfläche,"Steinstrasse 25, 8003 Zürich"
CHF 2’920.– / Monat,2 Zimmer 45m² Wohnfläche,"Steinstrasse 27, 8003 Zürich"
CHF 3’390.– / Monat,5 Zimmer 146m² Wohnfläche,"Roswiesenstrasse 183, 8051 Zürich"
CHF 4’530.– / Monat,5 Zimmer 135m² Wohnfläche,"Schwamendingenstrasse 93, 8050 Zürich"
CHF 3’420.– / Monat,6.5 Zimmer 143m² Wohnfläche,"Gräbligasse 12, 8001 Zürich"
CHF 20’510.– / Monat,6 Zimmer 310m² Wohnfläche,"Utoquai 37, 8008 Zürich"
CHF 8’550.– / Monat,7.5 Zimmer 240m² Wohnfläche,"Beethovenstrasse 9, 8002 Zürich"
CHF 13’390.– / Monat,6.5 Zimmer 240m² Wohnfläche,"Utoquai 37, 8008 Zürich"
CHF 2’170.– / Monat,3.5 Zimmer 45m² Wohnfläche,"Viktoriastrasse 29, 8057 Zürich"
CHF 5’050.– / Monat,6.5 Zimmer 168m² Wohnfläche,"Vulkanstrasse 110a, 8048 Zürich"
CHF 7’360.– / Monat,7.5 Zimmer 180m² Wohnfläche,"Bucheggstrasse 130, 8057 Zürich"
CHF 2’710.– / Monat,3.5 Zimmer 70m² Wohnfläche,"Bucheggstrasse 130, 8057 Zürich"
CHF 3’120.– / Monat,6 Zimmer 154m² Wohnfläche,"Glattalstrasse 127, 8052 Zürich"
CHF 4’100.– / Monat,4.5 Zimmer 127m² Wohnfläche,"Dörflistrasse 115, 8050 Zürich"
CHF 3’730.– / Monat,4.5 Zimmer 112m² Wohnfläche,"Dörflistrasse 115, 8050 Zürich"
CHF 4’030.– / Monat,4.5 Zimmer 125m² Wohnfläche,"Dörflistrasse 115, 8050 Zürich"
CHF 7’200.– / Monat,4.5 Zimmer 180m² Wohnfläche,"Pfingstweidstrasse 98, 8005 Zürich"
CHF 4’610.– / Monat,4.5 Zimmer 123m² Wohnfläche,"Steinhaldenstr. 54, 8002 Zürich"
CHF 3’020.– / Monat,3.5 Zimmer 81m² Wohnfläche,"Eugen-Huber-Str. 115, 8048 Zürich"
CHF 3’690.– / Monat,6.5 Zimmer 160m² Wohnfläche,"Limmattalstrasse 234, 8049 Zürich"
CHF 4’010.– / Monat,7.5 Zimmer 170m² Wohnfläche,"Bachmannweg 7, 8046 Zürich"
CHF 4’260.– / Monat,5 Zimmer 141m² Wohnfläche,"Albisriederstrasse 22, 8003 Zürich"
CHF 3’340.– / Monat,4.5 Zimmer 125m² Wohnfläche,"Felsenrainstrasse 27, 8052 Zürich"
CHF 3’790.– / Monat,4.5 Zimmer 100m² Wohnfläche,"Langgrütstrasse 98, 8047 Zürich"
CHF 8’200.– / Monat,6.5 Zimmer 187m² Wohnfläche,"Genferstr. 24, 8002 Zürich"
CHF 4’440.– / Monat,6 Zimmer 150m² Wohnfläche,"Hugostrasse 9, 8050 Zürich"
CHF 4’240.– / Monat,6.5 Zimmer 143m² Wohnfläche,"Rümlangstrasse 31, 8052 Zürich"
CHF 5’600.– / Monat,6.5 Zimmer 181m² Wohnfläche,"Fritz Fleiner-Weg 7, 8044 Zürich"
CHF 6’740.– / Monat,6 Zimmer 190m² Wohnfläche,"Sternenstrasse 16, 8002 Zürich"
CHF 8’750.– / Monat,7.5 Zimmer 210m² Wohnfläche,"Birmensdorferstrasse 598, 8055 Zürich"
CHF 4’350.– / Monat,6.5 Zimmer 162m² Wohnfläche,"Rümlangstrasse 31, 8052 Zürich"
CHF 9’120.– / Monat,7.5 Zimmer 230m² Wohnfläche,"Plattenstr. 34, 8032 Zürich"
CHF 7’060.– / Monat,6.5 Zimmer 150m² Wohnfläche,"Ankerstrasse 114, 8004 Zürich"
Preis auf Anfrage,140m² Wohnfläche,"Eggbühlstrasse 36, 8050 Zürich"
Preis auf Anfrage,58m² Wohnfläche,"Eggbühlstrasse 36, 8050 Zürich"
CHF 2’020.– / Monat,2 Zimmer 28m² Wohnfläche,"Universitätsstrasse 110, 8006 Zürich"
CHF 3’540.– / Monat,4.5 Zimmer 66m² Wohnfläche,"Dienerstrasse 8, 8004 Zürich"
CHF 9’570.– / Monat,6.5 Zimmer 190m² Wohnfläche,"Genferstr. 24, 8002 Zürich"
CHF 4’170.– / Monat,6.5 Zimmer 173m² Wohnfläche,"Stüssistrasse 83, 8057 Zürich"
CHF 2’720.– / Monat,4.5 Zimmer 108m² Wohnfläche,"Küngenmatt 7, 8055 Zürich"
CHF 4’310.– / Monat,4.5 Zimmer 123m² Wohnfläche,"Eggbühlstrasse 26, 8050 Zürich"
CHF 7’960.– / Monat,3 Zimmer 168m² Wohnfläche,"Ankerstrasse 114, 8004 Zürich"
CHF 7’100.– / Monat,6.5 Zimmer 170m² Wohnfläche,"Thujastrasse 17, 8038 Zürich"
Preis auf Anfrage,7.5 Zimmer 230m² Wohnfläche,"Seebahnstrasse, 8003 Zürich"
CHF 7’700.– / Monat,7.5 Zimmer 210m² Wohnfläche,"Bremgartnerstrasse 51, 8003 Zürich"
CHF 8’160.– / Monat,5 Zimmer 160m² Wohnfläche,"Weinbergstrasse 46, 8006 Zürich"
CHF 6’070.– / Monat,7.5 Zimmer 170m² Wohnfläche,"Flühgasse 9, 8008 Zürich"
CHF 5’790.– / Monat,6.5 Zimmer 156m² Wohnfläche,"St. Urbangasse 8, 8001 Zürich"
CHF 8’020.– / Monat,11.5 Zimmer 290m² Wohnfläche,"Scheideggstrasse 70, 8002 Zürich"
CHF 3’830.– / Monat,6 Zimmer 183m² Wohnfläche,"Albisstrasse 10, 8038 Zürich"
CHF 3’960.– / Monat,3.5 Zimmer 91m² Wohnfläche,"Russenweg 6a, 8008 Zürich"
CHF 2’660.– / Monat,6 Zimmer,"Witikonerstrasse 337, 8053 Zürich"
CHF 6’690.– / Monat,9 Zimmer 210m² Wohnfläche,"Weinbergstrasse 164, 8006 Zürich"
CHF 4’140.– / Monat,6.5 Zimmer 145m² Wohnfläche,"Langstrasse 206, 8005 Zürich"
CHF 5’310.– / Monat,4.5 Zimmer 187m² Wohnfläche,"Zurlindenstrasse 111, 8003 Zürich"
CHF 3’360.– / Monat,6.5 Zimmer 160m² Wohnfläche,"Heerenschürlistrasse 1, 8051 Zürich"
CHF 3’390.– / Monat,4.5 Zimmer 112m² Wohnfläche,"Turbinenstrasse 33, 8005 Zürich"
CHF 3’460.– / Monat,4.5 Zimmer 127m² Wohnfläche,"Anwandstr. 82, 8004 Zürich"
CHF 5’130.– / Monat,4.5 Zimmer 146m² Wohnfläche,"Bellariastrasse 11, 8002 Zürich"
CHF 6’330.– / Monat,4.5 Zimmer 171m² Wohnfläche,"Klausstrasse 23, 8008 Zürich"
CHF 3’220.– / Monat,5 Zimmer 135m² Wohnfläche,"Renggerstrasse 57, 8038 Zürich"
CHF 4’170.– / Monat,4.5 Zimmer 156m² Wohnfläche,"Flüelastrasse 25, 8047 Zürich"
CHF 5’800.– / Monat,6.5 Zimmer,"Ferdinand-Hodler-Strasse 40, 8049 Zürich"
CHF 2’340.– / Monat,5 Zimmer 104m² Wohnfläche,"Bergacker 22, 8046 Zürich"
CHF 2’650.– / Monat,3.5 Zimmer 43m² Wohnfläche,"Dienerstrasse 8, 8004 Zürich"
CHF 3’620.– / Monat,2 Zimmer 123m² Wohnfläche,"Birchstrasse 98, 8050 Zürich"
CHF 3’990.– / Monat,6 Zimmer 170m² Wohnfläche,"Glattalstrasse 74/76, 8052 Zürich"
CHF 2’990.– / Monat,4.5 Zimmer 91m² Wohnfläche,"Anemonenstrasse 42, 8047 Zürich"
CHF 7’410.– / Monat,6 Zimmer 140m² Wohnfläche,"Gladbachstrasse 43, 8044 Zürich"
CHF 5’910.– / Monat,2 Zimmer 177m² Wohnfläche,"Hohlstrasse 212, 8004 Zürich"
CHF 3’990.– / Monat,3 Zimmer 131m² Wohnfläche,"Rotbuchstrasse 3, 8006 Zürich"
CHF 6’840.– / Monat,6.5 Zimmer 190m² Wohnfläche,"Limmatstrasse 258, 8005 Zürich"
CHF 8’850.– / Monat,11 Zimmer 240m² Wohnfläche,"Bergstrasse 76, 8032 Zürich"
CHF 4’500.– / Monat,4.5 Zimmer 173m² Wohnfläche,"Riedtlistrasse 9, 8006 Zürich"
CHF 7’880.– / Monat,9 Zimmer 180m² Wohnfläche,"Neptunstrasse 88, 8032 Zürich"
CHF 3’840.– / Monat,6.5 Zimmer 143m² Wohnfläche,"Im Glockenacker 59, 8053 Zürich"
CHF 9’150.– / Monat,6.5 Zimmer 160m² Wohnfläche,"Zollikerstrasse 147, 8008 Zürich"
CHF 4’340.– / Monat,4.5 Zimmer 152m² Wohnfläche,"Badenerstrasse 841, 8048 Zürich"
CHF 10’960.– / Monat,7.5 Zimmer 230m² Wohnfläche,"Stadelhoferstrasse 38, 8001 Zürich"
CHF 2’970.– / Monat,5 Zimmer 114m² Wohnfläche,"Speerstrasse 47, 8038 Zürich"
CHF 3’540.– / Monat,,"Freilagerstrasse 19, 8047 Zürich"
CHF 2’550.– / Monat,3.5 Zimmer 47m² Wohnfläche,"Herrligweg 9, 8048 Zürich"
CHF 9’740.– / Monat,8 Zimmer 150m² Wohnfläche,"Clausiusstrasse 60, 8006 Zürich"
CHF 7’360.– / Monat,7.5 Zimmer 180m² Wohnfläche,"Hofstrasse 53, 8032 Zürich"
CHF 9’820.– / Monat,7.5 Zimmer 210m² Wohnfläche,"Gotthardstrasse 53, 8002 Zürich"
Preis auf Anfrage,7.5 Zimmer 220m² Wohnfläche,"Hagenholzstrasse, 8050 Zürich, 8050 Zürich"
CHF 8’850.– / Monat,7.5 Zimmer 220m² Wohnfläche,"Kurfirstenstrasse 16, 8002 Zürich"
CHF 4’130.– / Monat,4.5 Zimmer 116m² Wohnfläche,8053 Zürich
Preis auf Anfrage,7.5 Zimmer 210m² Wohnfläche,"Hagenholzstrasse, 8050 Zürich, 8050 Zürich"
Preis auf Anfrage,7.5 Zimmer 210m² Wohnfläche,"Hagenholzstrasse, 8050 Zürich, 8050 Zürich"
Preis auf Anfrage,7.5 Zimmer 210m² Wohnfläche,"Hagenholzstrasse, 8050 Zürich, 8050 Zürich"
Preis auf Anfrage,7.5 Zimmer 210m² Wohnfläche,"Hagenholzstrasse, 8050 Zürich, 8050 Zürich"
CHF 2’750.– / Monat,2 Zimmer 72m² Wohnfläche,"Sonneggstrasse 44, 8006 Zürich"
CHF 3’120.– / Monat,7.5 Zimmer 150m² Wohnfläche,"Balberstrasse 68, 8038 Zürich"
CHF 6’320.– / Monat,7.5 Zimmer,"Fortunagasse 34, Zürich, Schweiz, 8001 Zürich"
CHF 8’250.– / Monat,6.5 Zimmer 210m² Wohnfläche,"Limmatstrasse 260, 8005 Zürich"
CHF 3’840.– / Monat,5 Zimmer 121m² Wohnfläche,"Köchlistrasse 2, 8004 Zürich"
CHF 5’910.– / Monat,6.5 Zimmer 173m² Wohnfläche,"Asylstr. 11, 8032 Zürich"
CHF 5’910.– / Monat,6.5 Zimmer 173m² Wohnfläche,"Asylstr. 11, 8032 Zürich"
CHF 5’170.– / Monat,6 Zimmer 173m² Wohnfläche,8038 Zürich
CHF 5’700.– / Monat,3 Zimmer 127m² Wohnfläche,"Weinbergstrasse 46, 8006 Zürich"
CHF 2’640.– / Monat,3.5 Zimmer 100m² Wohnfläche,"Riedhofstrasse 378, 8049 Zürich"
CHF 7’360.– / Monat,7.5 Zimmer 260m² Wohnfläche,"Läufebachweg 5, 8047 Zürich"
CHF 11’160.– / Monat,7.5 Zimmer 250m² Wohnfläche,8053 Zürich
CHF 7’860.– / Monat,7.5 Zimmer 160m² Wohnfläche,8044 Zürich
CHF 3’540.– / Monat,2 Zimmer 123m² Wohnfläche,"Birchstrasse 98, 8050 Zürich"
CHF 6’700.– / Monat,6.5 Zimmer 135m² Wohnfläche,"Elisabethenstrasse 28, 8004 Zurich"
CHF 3’880.– / Monat,6 Zimmer 140m² Wohnfläche,"Renggerstrasse 57, 8038 Zürich"
CHF 3’990.– / Monat,4.5 Zimmer 143m² Wohnfläche,"Rötelstrasse 6, 8006 Zürich"
CHF 4’290.– / Monat,5 Zimmer 146m² Wohnfläche,"Langstrasse 206, 8005 Zürich"
CHF 2’760.– / Monat,5 Zimmer,"Hirzenbachstrasse 82, 8051 Zürich"
CHF 4’380.– / Monat,4.5 Zimmer 125m² Wohnfläche,"Englischviertelstrasse 47, 8032 Zürich"
CHF 17’400.– / Monat,7.5 Zimmer 550m² Wohnfläche,"Bäckerstrasse 40, 8004 Zürich"
CHF 1’980.– / Monat,2 Zimmer 52m² Wohnfläche,"Jakob Füglistrasse 16, 8048 Zürich"
CHF 5’440.– / Monat,6.5 Zimmer 145m² Wohnfläche,"Bucheggstrasse 21, 8037 Zürich"
CHF 5’600.– / Monat,6.5 Zimmer,"Bellariastrasse 40, 8038 Zürich"
CHF 5’200.– / Monat,7.5 Zimmer 140m² Wohnfläche,"Heidwiesen 19, 8051 Zürich"
CHF 3’100.– / Monat,6.5 Zimmer 123m² Wohnfläche,"Altstetterstrasse 288, 8047 Zürich"
CHF 8’250.– / Monat,6.5 Zimmer 210m² Wohnfläche,"Limmatstrasse 260, 8005 Zürich"
CHF 6’100.– / Monat,4.5 Zimmer 137m² Wohnfläche,"Haspelstrasse 5, 8041 Zürich"
CHF 9’070.– / Monat,8 Zimmer 189m² Wohnfläche,"Clausiusstrasse 60, 8006 Zürich"
CHF 9’300.– / Monat,8 Zimmer 150m² Wohnfläche,"Clausiusstrasse 60, 8006 Zürich"
CHF 5’350.– / Monat,10.5 Zimmer,"Frohalpstrasse 53, 8038 Zürich"
CHF 4’720.– / Monat,6.5 Zimmer 169m² Wohnfläche,"Riedenhaldenstrasse 33, 8046 Zürich"
CHF 5’280.– / Monat,6.5 Zimmer 139m² Wohnfläche,"Forchstrasse 284, 8008 Zürich"
CHF 6’370.– / Monat,6.5 Zimmer 140m² Wohnfläche,"Schaffhauserstrasse 486, 8052 Zürich"
CHF 5’050.– / Monat,4.5 Zimmer 104m² Wohnfläche,"Klosbachstrasse 44, 8032 Zürich"
CHF 5’550.– / Monat,4.5 Zimmer 114m² Wohnfläche,"Neptunstrasse 57, 8032 Zürich"
CHF 5’200.– / Monat,4.5 Zimmer 110m² Wohnfläche,"Rebgasse 8, 8004 Zürich"
CHF 7’190.– / Monat,7.5 Zimmer 140m² Wohnfläche,"Birmensdorferstrasse 280, 8055 Zürich"
CHF 5’330.– / Monat,5 Zimmer 114m² Wohnfläche,"Dachslernstrasse 85, 8048 Zürich"
CHF 6’850.– / Monat,3 Zimmer 110m² Wohnfläche,"Zweierstrasse 119, 8003 Zürich"
CHF 4’780.– / Monat,3.5 Zimmer 62m² Wohnfläche,"Zweierstrasse 119, 8003 Zurich"
CHF 6’990.– / Monat,6.5 Zimmer 133m² Wohnfläche,"Uhlandstrasse 6, 8037 Zürich"
CHF 7’160.– / Monat,3 Zimmer 110m² Wohnfläche,"Wolframplatz 1, 8045 Zurich"
CHF 5’070.– / Monat,64m² Wohnfläche,"Wolframplatz 1, 8045 Zurich"
CHF 5’220.– / Monat,56m² Wohnfläche,"Wolframplatz 1, 8045 Zurich"
CHF 4’450.– / Monat,50m² Wohnfläche,"Wolframplatz 1, 8045 Zurich"
CHF 6’000.– / Monat,87m² Wohnfläche,"Wolframplatz 1, 8045 Zurich"
CHF 3’390.– / Monat,5 Zimmer 141m² Wohnfläche,"Hornbachstrasse 63, 8008 Zürich"
CHF 2’760.– / Monat,3 Zimmer 121m² Wohnfläche,"Fritz Fleiner-Weg 5, 8044 Zürich"
CHF 2’500.– / Monat,3 Zimmer,"Fritz Fleiner-Weg 5, 8044 Zürich"
CHF 2’480.– / Monat,3 Zimmer 81m² Wohnfläche,"Felsenrainstrasse 29, 8052 Zürich"
CHF 5’350.– / Monat,6.5 Zimmer 181m² Wohnfläche,"Zurlindenstrasse 111, 8003 Zürich"
CHF 4’140.– / Monat,7.5 Zimmer,"Lehfrauenweg 5, 8053 Zürich"
CHF 5’230.– / Monat,7.5 Zimmer 140m² Wohnfläche,"Regensbergstrasse 30, 8050 Zürich-Oerlikon"
CHF 3’860.– / Monat,3 Zimmer 112m² Wohnfläche,"Würzwies 9, 8064 Zürich"
CHF 6’640.– / Monat,7.5 Zimmer 154m² Wohnfläche,"Mittelstrasse 55, 8008 Zürich"
CHF 3’990.– / Monat,4.5 Zimmer 164m² Wohnfläche,"Im Glockenacker 39, 8053 Zürich"
CHF 3’530.– / Monat,3 Zimmer 89m² Wohnfläche,"Grubenackerstrasse 71, 8052 Zürich"
CHF 2’790.– / Monat,2 Zimmer 54m² Wohnfläche,"Grubenackerstrasse 71, 8052 Zürich"
CHF 5’040.– / Monat,6.5 Zimmer 162m² Wohnfläche,"Wydäckerring 63, 8047 Zürich"
CHF 3’910.– / Monat,6.5 Zimmer 171m² Wohnfläche,"Birmensdorferstrasse 529C, 8055 Zürich"
CHF 3’340.– / Monat,4.5 Zimmer 75m² Wohnfläche,"Badenerstrasse 296 8004 Zürich, 8047 Zürich"
CHF 3’650.– / Monat,3 Zimmer 87m² Wohnfläche,"Klosbachstrasse 44, 8032 Zürich"
CHF 3’100.– / Monat,3 Zimmer 41m² Wohnfläche,"Hildastrasse 1, 8004 Zürich"
CHF 5’810.– / Monat,6.5 Zimmer 140m² Wohnfläche,"Karl-Stauffer-Strasse 1, 8008 Zürich"
CHF 4’730.– / Monat,3 Zimmer 170m² Wohnfläche,"Max Bill Platz 5, 8050 Zürich"
CHF 11’530.– / Monat,11.5 Zimmer 330m² Wohnfläche,"Voltastrasse 31, 8044 Zürich"
CHF 4’580.– / Monat,4.5 Zimmer 104m² Wohnfläche,"Gotthelfstrasse 41, 8003 Zürich"
CHF 4’730.– / Monat,6.5 Zimmer 146m² Wohnfläche,"Badenerstrasse 701, 8048 Zürich"
CHF 5’480.– / Monat,6.5 Zimmer 150m² Wohnfläche,"Winzerhalde 107, 8049 Zürich"
CHF 3’770.– / Monat,5 Zimmer 123m² Wohnfläche,"Dennlerstrasse 11a, 8048 Zürich"
CHF 2’820.– / Monat,4.5 Zimmer 87m² Wohnfläche,"Manessestrasse 118, 8045 Zürich"
CHF 4’140.– / Monat,7.5 Zimmer 170m² Wohnfläche,"Wiesliacher 97, 8053 Zürich"
CHF 3’250.– / Monat,5 Zimmer 131m² Wohnfläche,"Baslerstrasse 119, 8048 Zürich"
CHF 3’960.– / Monat,6.5 Zimmer 131m² Wohnfläche,"Ferdinand Hodler-Str. 14, 8049 Zürich"
CHF 4’060.– / Monat,4.5 Zimmer 150m² Wohnfläche,"Rötelstr. 6, 8006 Zürich"
CHF 3’730.– / Monat,3 Zimmer 127m² Wohnfläche,"Würzwies 9, 8064 Zürich"
CHF 4’910.– / Monat,4.5 Zimmer 89m² Wohnfläche,"Badenerstrasse 250, 8004 Zürich"
CHF 4’610.– / Monat,4.5 Zimmer 112m² Wohnfläche,"Badenerstrasse 250, 8004 Zürich"
CHF 2’910.– / Monat,4.5 Zimmer 100m² Wohnfläche,"Dohlenweg 28, 8050 Zürich"
CHF 2’910.– / Monat,5 Zimmer 116m² Wohnfläche,"Caspar Wüst-Strasse 38, 8052 Zürich"
CHF 2’720.– / Monat,5 Zimmer,"Konradstrasse 75, 8005 Zürich"
CHF 22’320.– / Monat,6 Zimmer 340m² Wohnfläche,"Zurich, 8001 ZÃ¼rich"
CHF 10’930.– / Monat,8 Zimmer 240m² Wohnfläche,"Stapferstrasse 31, 8006 Zürich"
CHF 3’390.– / Monat,3.5 Zimmer 114m² Wohnfläche,"Altstetterstrasse 178, 8048 Zürich"
CHF 5’500.– / Monat,6.5 Zimmer 187m² Wohnfläche,"Stampfenbachplatz 4, 8006 Zürich"
CHF 7’420.– / Monat,7.5 Zimmer 180m² Wohnfläche,"Wehntalerstrasse 571, 8046 Zürich"
CHF 3’650.– / Monat,4.5 Zimmer 171m² Wohnfläche,"Eulenweg 23, 8048 Zürich"
CHF 4’380.– / Monat,7.5 Zimmer 156m² Wohnfläche,"Riedgrabenweg 28, 8050 Zürich"
CHF 3’590.– / Monat,5 Zimmer 187m² Wohnfläche,"Luegislandstrasse 80, 8051 Zürich"
CHF 3’310.– / Monat,4.5 Zimmer 108m² Wohnfläche,"Birmensdorferstrasse 141, 8003 Zürich"
CHF 9’440.– / Monat,8 Zimmer 160m² Wohnfläche,"Clausiusstrasse 60, 8006 Zürich"
CHF 5’870.– / Monat,7.5 Zimmer 170m² Wohnfläche,"Wehntalerstrasse 571, 8046 Zürich"
CHF 8’250.– / Monat,7.5 Zimmer 180m² Wohnfläche,"Augustinergasse 38, 8001 Zürich"
CHF 3’830.– / Monat,45m² Wohnfläche,"Albertstrasse 7, 8005 Zürich"
Preis auf Anfrage,7.5 Zimmer 290m² Wohnfläche,"Lintheschergasse 23, 8001 Zürich"
CHF 3’530.– / Monat,41m² Wohnfläche,"Rotachstrasse 33, 8003 Zurich"
CHF 5’840.– / Monat,3 Zimmer 79m² Wohnfläche,"Wolframplatz 1, 8045 Zurich"
CHF 6’100.– / Monat,6.5 Zimmer 160m² Wohnfläche,"Goldbrunnenstrasse 107, 8055 Zürich"
CHF 2’410.– / Monat,3 Zimmer,"Hortensienstrasse 9, 8050 Zürich"
CHF 2’350.– / Monat,5 Zimmer 110m² Wohnfläche,"Hirzenbachstrasse 99, 8051 Zürich"
CHF 4’510.– / Monat,4.5 Zimmer 143m² Wohnfläche,"Schmelzbergstrasse 60, 8044 Zürich"
CHF 4’380.– / Monat,6 Zimmer 164m² Wohnfläche,"Hammerstrasse 101, 8032 Zürich"
CHF 5’920.– / Monat,5 Zimmer 139m² Wohnfläche,"Markusstrasse 18, 8006 Zürich"
CHF 2’300.– / Monat,2 Zimmer 72m² Wohnfläche,"Knüslistrasse 6, 8004 Zürich"
CHF 1’970.– / Monat,5 Zimmer 137m² Wohnfläche,"Langgrütstrasse 145, 8047 Zürich"
CHF 6’010.– / Monat,7.5 Zimmer 180m² Wohnfläche,"Buckhauserstrasse 49, 8048 Zürich"
CHF 8’130.– / Monat,10.5 Zimmer 220m² Wohnfläche,"In der Hub 15, 8057 Zürich"
CHF 3’530.– / Monat,4.5 Zimmer 114m² Wohnfläche,"Badenerstrasse 565, 8048 Zürich"
CHF 7’710.– / Monat,7.5 Zimmer 140m² Wohnfläche,"Spitalgasse 2, 8001 Zürich"
CHF 3’980.– / Monat,6.5 Zimmer,"Schrennengasse 6, 8003 Zürich"
CHF 2’300.– / Monat,4.5 Zimmer 125m² Wohnfläche,"Stiglenstrasse 39, 8052 Zürich"
CHF 2’170.– / Monat,2 Zimmer 77m² Wohnfläche,"Leutholdstrasse 15, 8037 Zürich"
CHF 2’230.– / Monat,2 Zimmer 49m² Wohnfläche,"Brinerstrasse 4, 8003 Zürich"
CHF 5’630.– / Monat,7.5 Zimmer,"Im Tannegg 3, 8003 Zürich"
CHF 3’130.– / Monat,6 Zimmer 146m² Wohnfläche,"Blauäcker 19/21/23, 8051 Zürich"
CHF 2’580.– / Monat,2 Zimmer 72m² Wohnfläche,"Mühlebachstr. 41, 8008 Zürich"
CHF 3’960.– / Monat,3 Zimmer 83m² Wohnfläche,"Schrennengasse 10, 8003 Zürich"
CHF 3’320.– / Monat,5 Zimmer,"Konradstrasse 75, 8005 Zürich"
CHF 4’760.– / Monat,5 Zimmer 179m² Wohnfläche,"Pflugstr. 20, 8006 Zürich"
CHF 4’800.– / Monat,6 Zimmer 173m² Wohnfläche,"Sempacherstrasse 35, 8032 Zürich"
CHF 5’910.– / Monat,6.5 Zimmer 173m² Wohnfläche,"Asylstr. 11, 8032 Zürich"
CHF 5’910.– / Monat,6.5 Zimmer 173m² Wohnfläche,"Asylstr. 11, 8032 Zürich"
CHF 2’510.– / Monat,3.5 Zimmer 77m² Wohnfläche,"Engelstrasse 43, 8004 Zürich"
CHF 2’650.– / Monat,3 Zimmer 70m² Wohnfläche,"Schoffelgasse 2/4, 8001 Zürich"
CHF 3’060.– / Monat,4.5 Zimmer,"Morgentalstrasse 67, 8038 Zürich"
CHF 3’980.– / Monat,6.5 Zimmer,"Giesshübelstrasse 92, 8045 Zürich"
CHF 5’950.– / Monat,4.5 Zimmer 168m² Wohnfläche,8032 Zürich
CHF 5’440.– / Monat,4.5 Zimmer 168m² Wohnfläche,8032 Zürich
CHF 3’440.– / Monat,6.5 Zimmer 162m² Wohnfläche,"Auhofstrasse 5, 8051 Zürich"
CHF 3’490.– / Monat,6.5 Zimmer 185m² Wohnfläche,"Waffenplatzstrasse 40, 8002 Zürich"
CHF 3’690.– / Monat,3 Zimmer 93m² Wohnfläche,"Klosbachstr. 50, 8032 Zürich"
CHF 3’250.– / Monat,7.5 Zimmer 127m² Wohnfläche,"Schwandenwiesen 24, 8052 Zürich"
CHF 9’220.– / Monat,7.5 Zimmer 170m² Wohnfläche,"Gustav-Gull-Platz 11, 8004 Zürich"
CHF 3’120.– / Monat,5 Zimmer,"Heinrichstrasse 120, 8005 Zürich"
CHF 4’450.– / Monat,4.5 Zimmer 158m² Wohnfläche,"Uetlibergstrasse 197, 8045 Zürich"
CHF 2’600.– / Monat,3.5 Zimmer,"Rindermarkt 6, 8001 Zürich"
CHF 4’310.– / Monat,6 Zimmer 137m² Wohnfläche,"Waffenplatzstrasse 80, 8002 Zürich"
CHF 3’940.– / Monat,5 Zimmer 146m² Wohnfläche,"Waffenplatzstrasse 80, 8002 Zürich"
CHF 3’690.– / Monat,3 Zimmer 89m² Wohnfläche,"Sihlfeldstrasse 55, 8003 Zürich"
CHF 2’430.– / Monat,3 Zimmer,"Forchstrasse 247, 8032 Zürich"
CHF 2’410.– / Monat,3.5 Zimmer 50m² Wohnfläche,"Friesenbergstrasse 108, 8055 Zürich"
CHF 6’170.– / Monat,7.5 Zimmer 190m² Wohnfläche,"Buckhauserstr. 23, 8048 Zürich"
CHF 4’440.– / Monat,5 Zimmer 125m² Wohnfläche,"Höschgasse 44, 8008 Zürich"
CHF 23’650.– / Monat,6.5 Zimmer 180m² Wohnfläche,"Schützengasse 14, 8001 Zürich"
CHF 4’090.– / Monat,4.5 Zimmer 143m² Wohnfläche,"Badenerstrasse 841, 8048 Zürich"
CHF 12’470.– / Monat,7.5 Zimmer 310m² Wohnfläche,"Seestrasse 261, 8038 Zürich"
CHF 5’450.– / Monat,6.5 Zimmer 156m² Wohnfläche,"Kleinertstrasse 2, 8037 Zürich"
CHF 6’690.– / Monat,8.5 Zimmer 170m² Wohnfläche,"Hegnauweg 13, 8052 Zürich"
CHF 4’870.– / Monat,4.5 Zimmer 104m² Wohnfläche,"Limmatstrasse 27, 8005 Zürich"
Preis auf Anfrage,6.5 Zimmer 220m² Wohnfläche,8001 Zürich
CHF 230.– / Monat,2 Zimmer 9m² Wohnfläche,"Obsthaldenstrasse 50, 8046 Zürich"
CHF 10’260.– / Monat,9 Zimmer 180m² Wohnfläche,"Heliosstrasse 12, 8032 Zürich"
CHF 5’240.– / Monat,4.5 Zimmer 183m² Wohnfläche,"Tobelhofstrasse 242, 8044 Zürich"
CHF 5’870.– / Monat,6.5 Zimmer 160m² Wohnfläche,"Tobelhofstrasse 242, 8044 Zürich"
CHF 5’600.– / Monat,6.5 Zimmer 160m² Wohnfläche,"Tobelhofstrasse 240, 8044 Zürich"
CHF 4’010.– / Monat,104m² Wohnfläche,"Hadlaubstrasse 137, 8006 Zürich"
CHF 5’070.– / Monat,50m² Wohnfläche,"Brandschenkestrasse 10, 8001 Zürich"
CHF 4’140.– / Monat,54m² Wohnfläche,"Albertstrasse 7, 8005 Zürich"
CHF 3’640.– / Monat,5 Zimmer 148m² Wohnfläche,"Stodolastrasse 7, 8053 Zürich"
CHF 6’300.– / Monat,93m² Wohnfläche,"Cramerstrasse 8-12, 8004 Zurich"
CHF 6’150.– / Monat,58m² Wohnfläche,"Bellariastrasse 36, 8002 Zurich"
CHF 6’150.– / Monat,58m² Wohnfläche,"Bellariastrasse 36, 8002 Zurich"
CHF 4’610.– / Monat,60m² Wohnfläche,"Bellariastrasse 36, 8002 Zurich"
CHF 7’700.– / Monat,135m² Wohnfläche,"Wolframplatz 1, 8045 Zurich"
CHF 3’530.– / Monat,47m² Wohnfläche,"Binzmühlestr. 50, 8050 Zurich"
CHF 4’610.– / Monat,60m² Wohnfläche,"Wolframplatz 1, 8045 Zurich"
CHF 3’680.– / Monat,26m² Wohnfläche,"Wolframplatz 1, 8045 Zurich"
CHF 6’300.– / Monat,81m² Wohnfläche,"Cramerstrasse 8-12, 8004 Zurich"
CHF 6’000.– / Monat,73m² Wohnfläche,"Wolframplatz 1, 8045 Zurich"
CHF 6’280.– / Monat,135m² Wohnfläche,"Freyastrasse 8, 8004 Zurich"
CHF 2’670.– / Monat,4.5 Zimmer 98m² Wohnfläche,"Badenerstrasse 650, 8048 Zürich"
CHF 3’250.– / Monat,4.5 Zimmer 116m² Wohnfläche,"Riedgrabenweg 39, 8050 Zürich"
CHF 5’550.– / Monat,6.5 Zimmer 162m² Wohnfläche,"Baslerstrasse 77, 8048 Zürich"
CHF 4’480.– / Monat,6.5 Zimmer 139m² Wohnfläche,"Pfirsichstrasse 10, 8006 Zürich"
CHF 4’040.– / Monat,5 Zimmer,"Möhrlistrasse 17, 8006 Zürich"
CHF 1’310.– / Monat,2 Zimmer 54m² Wohnfläche,"Hönggerstr. 148, 8037 Zürich"
CHF 3’190.– / Monat,5 Zimmer,"Freihofstrasse 38, 8048 Zürich"
CHF 8’060.– / Monat,7.5 Zimmer,"Zürichbergstrasse 191, 8044 Zürich"
CHF 3’470.– / Monat,3.5 Zimmer 112m² Wohnfläche,"Münstergasse 26, 8001 Zürich"
CHF 5’450.– / Monat,4.5 Zimmer,"Zürichbergstrasse 191, 8044 Zürich"
CHF 8’060.– / Monat,7.5 Zimmer,"Zürichbergstrasse 191, 8044 Zürich"
CHF 7’100.– / Monat,6.5 Zimmer,"Zürichbergstrasse 191, 8044 Zürich"
CHF 3’610.– / Monat,5 Zimmer 125m² Wohnfläche,"Feldblumenweg 27, 8048 Zürich"
CHF 2’790.– / Monat,6.5 Zimmer 158m² Wohnfläche,"Bertastrasse 74, 8003 Zürich"
CHF 3’570.– / Monat,5 Zimmer,"Schaffhauserstrasse 204, 8057 Zürich"
CHF 4’160.– / Monat,3 Zimmer 106m² Wohnfläche,"Bergstrasse 109, 8032 Zürich"
CHF 5’130.– / Monat,5 Zimmer 139m² Wohnfläche,"Konradstrasse 71, 8005 Zurich"
CHF 1’820.– / Monat,2 Zimmer 26m² Wohnfläche,"Badenerstrasse, 8003 Zürich"
CHF 8’290.– / Monat,7.5 Zimmer,"Glockengasse 8, 8001 Zürich"
CHF 6’690.– / Monat,6.5 Zimmer,"Bodmerstrasse 2, 8002 Zürich"
CHF 3’120.– / Monat,6.5 Zimmer,"Badenerstrasse 332, 8004 Zürich"
CHF 4’240.– / Monat,3 Zimmer 81m² Wohnfläche,"Kirchgasse 33, 8001 Zürich"
CHF 4’680.– / Monat,6.5 Zimmer 164m² Wohnfläche,"Letzigraben 26, 8003 Zürich"
CHF 2’800.– / Monat,6.5 Zimmer 104m² Wohnfläche,"Schwandenwiesen 25, 8052 Zürich"
CHF 3’250.– / Monat,7.5 Zimmer 127m² Wohnfläche,"Schwandenwiesen 7, 8052 Zürich"
CHF 3’150.– / Monat,5 Zimmer 125m² Wohnfläche,"Trichtenhausenstrasse 17, 8053 Zürich"
CHF 3’250.– / Monat,4.5 Zimmer 123m² Wohnfläche,"Trichtenhausenstrasse 15, 8053 Zürich"
CHF 4’060.– / Monat,6.5 Zimmer 148m² Wohnfläche,"Badenerstrasse 803, 8048 Zürich"
CHF 9’520.– / Monat,11 Zimmer 240m² Wohnfläche,"Bergstrasse 76, 8032 Zürich"
CHF 5’200.– / Monat,6 Zimmer 180m² Wohnfläche,"Hügelstrasse, 8002 Zürich"
CHF 3’510.– / Monat,6 Zimmer 177m² Wohnfläche,"Speerstrasse 56, 8038 Zürich"
CHF 2’250.– / Monat,2 Zimmer 50m² Wohnfläche,"Nordstrasse 166, 8037 Zürich"
CHF 4’410.– / Monat,7.5 Zimmer 170m² Wohnfläche,"Winzerstrasse 60, 8049 Zürich"
CHF 6’210.– / Monat,7.5 Zimmer 210m² Wohnfläche,"363 Schaffhauserstrasse, 8050 Zürich"
CHF 5’050.– / Monat,7.5 Zimmer,"Neumünsterstrasse 34, 8008 Zürich"
CHF 5’510.– / Monat,6.5 Zimmer 166m² Wohnfläche,"Leutschenbachstrasse 30 - B1504, 8050 Zürich"
CHF 9’000.– / Monat,7.5 Zimmer,"Schipfe 2, 8001 Zürich"
CHF 6’160.– / Monat,4.5 Zimmer 135m² Wohnfläche,"Leuengasse 4, 8001 Zürich"
CHF 2’620.– / Monat,2 Zimmer 47m² Wohnfläche,"Zielweg 80, 8055 Zürich"
CHF 5’600.– / Monat,6.5 Zimmer 160m² Wohnfläche,"Tobelhofstrasse 242, 8044 Zürich"
CHF 4’190.– / Monat,4.5 Zimmer 131m² Wohnfläche,"Tobelhofstrasse 240, 8044 Zürich"
CHF 4’450.– / Monat,41m² Wohnfläche,"Brandschenkestrasse 10, 8001 Zürich"
CHF 4’760.– / Monat,50m² Wohnfläche,"Brandschenkestrasse 10, 8001 Zürich"
CHF 7’210.– / Monat,3 Zimmer 104m² Wohnfläche,"Cramerstrasse 8-12, 8004 Zurich"
CHF 11’160.– / Monat,6.5 Zimmer 240m² Wohnfläche,"Leutschenbachstrasse 30 - B1803, 8050 Zürich"
CHF 6’250.– / Monat,6.5 Zimmer 160m² Wohnfläche,"Mythenquai 349a, 8038 Zürich"
CHF 6’720.– / Monat,4.5 Zimmer 160m² Wohnfläche,"Mythenquai 353, 8038 Zürich"
CHF 3’990.– / Monat,28m² Wohnfläche,"Cramerstrasse 8-12, 8004 Zurich"
CHF 6’310.– / Monat,73m² Wohnfläche,"Cramerstrasse 2-6, 8004 Zurich"
CHF 3’220.– / Monat,24m² Wohnfläche,"Gerechtigkeitsgasse 8, 8001 Zurich"
CHF 7’830.– / Monat,121m² Wohnfläche,"Bellariastrasse 36, 8002 Zurich"
CHF 4’910.– / Monat,49m² Wohnfläche,"Rotachstrasse 33, 8003 Zurich"
CHF 7’550.– / Monat,6.5 Zimmer 187m² Wohnfläche,"Wuhrstrasse 30, 8003 Zürich"
CHF 6’150.– / Monat,85m² Wohnfläche,"Bellariastrasse 36, 8002 Zurich"
CHF 6’440.– / Monat,3 Zimmer 95m² Wohnfläche,"Rotachstrasse 33, 8003 Zurich"
CHF 4’760.– / Monat,66m² Wohnfläche,"Binzmühlestr. 50, 8050 Zurich"
CHF 6’150.– / Monat,77m² Wohnfläche,"Bellariastrasse 36, 8002 Zurich"
CHF 2’910.– / Monat,21m² Wohnfläche,"Rotachstrasse 33, 8003 Zurich"
CHF 5’220.– / Monat,3 Zimmer 62m² Wohnfläche,"Wolframplatz 1, 8045 Zurich"
CHF 3’830.– / Monat,28m² Wohnfläche,"Cramerstrasse 8-12, 8004 Zurich"
CHF 4’610.– / Monat,45m² Wohnfläche,"Gerechtigkeitsgasse 8, 8001 Zurich"
CHF 3’530.– / Monat,47m² Wohnfläche,"Binzmühlestr. 48, 8050 Zurich"
CHF 6’610.– / Monat,154m² Wohnfläche,"Binzmühlestr. 48, 8050 Zurich"
CHF 6’610.– / Monat,77m² Wohnfläche,"Gerechtigkeitsgasse 8, 8001 Zurich"
CHF 3’250.– / Monat,5 Zimmer,"Dubsstrasse 46, 8003 Zürich"
CHF 3’380.– / Monat,6.5 Zimmer 171m² Wohnfläche,"Zwängiweg 23, 8038 Zürich"
CHF 3’190.– / Monat,4.5 Zimmer 108m² Wohnfläche,"Rümlangstrasse, 8052 Zürich"
CHF 4’610.– / Monat,3.5 Zimmer 135m² Wohnfläche,"Kinkelstrasse 36, 8006 Zürich"
CHF 3’790.– / Monat,5 Zimmer 127m² Wohnfläche,"Albisstrasse 99, 8038 Zürich"
CHF 3’270.– / Monat,3 Zimmer 173m² Wohnfläche,"Albisstrasse 99, 8038 Zürich"
CHF 2’850.– / Monat,4.5 Zimmer 116m² Wohnfläche,"Badenerstr. 727, 8048 Zurich"
CHF 1’010.– / Monat,7.5 Zimmer 185m² Wohnfläche,"Fabrikstrasse 12, 8005 Zürich"
CHF 6’700.– / Monat,6.5 Zimmer 160m² Wohnfläche,"Zürichbergstrasse 127, 8044 Zürich"
CHF 4’160.– / Monat,6.5 Zimmer 145m² Wohnfläche,"Diggelmannstrasse 27, 8047 Zürich"
CHF 5’500.– / Monat,3 Zimmer 116m² Wohnfläche,"Zimmergasse 8, 8008 Zürich"
CHF 1’820.– / Monat,2 Zimmer,"Bergwiesen 35, 8047 Zürich"
CHF 4’680.– / Monat,5 Zimmer 154m² Wohnfläche,8046 Zürich
CHF 4’980.– / Monat,6 Zimmer 173m² Wohnfläche,8046 Zürich
CHF 3’440.– / Monat,5 Zimmer 102m² Wohnfläche,"Mutschellenstrasse 10, 8002 Zürich"
CHF 2’640.– / Monat,2 Zimmer 49m² Wohnfläche,"Stampfenbachstrasse 146 / Beckenhofstrasse 61, 8006 Zürich"
CHF 3’020.– / Monat,3 Zimmer 102m² Wohnfläche,"Langensteinenstrasse 6, 8057 Zürich"
CHF 190.– / Monat,,"Heerenwiesen 41, 8051 Zürich"
CHF 5’070.– / Monat,54m² Wohnfläche,"Zweierstrasse 24, 8004 Zurich"
CHF 3’220.– / Monat,26m² Wohnfläche,"Zweierstrasse 24, 8004 Zurich"
CHF 4’450.– / Monat,43m² Wohnfläche,"Zweierstrasse 24, 8004 Zurich"
CHF 4’760.– / Monat,43m² Wohnfläche,"Zweierstrasse 24, 8004 Zurich"
CHF 4’670.– / Monat,4.5 Zimmer 170m² Wohnfläche,"Feldstrasse 24, 8004 Zürich"
CHF 5’450.– / Monat,9 Zimmer 220m² Wohnfläche,"Witikonerstrasse 43, 8032 Zürich"
CHF 4’450.– / Monat,47m² Wohnfläche,"Militärstrasse 24, 8004 Zurich"
CHF 8’120.– / Monat,8 Zimmer 210m² Wohnfläche,"Carmenstrasse 35, 8032 Zürich"
CHF 13’610.– / Monat,6.5 Zimmer 140m² Wohnfläche,"Etzelstrasse 35, 8038 Zürich"
CHF 4’310.– / Monat,6 Zimmer 158m² Wohnfläche,"Bertastrasse 69, 8003 Zürich"
CHF 4’100.– / Monat,4.5 Zimmer 145m² Wohnfläche,"Triemlistrasse 89, 8047 Zürich"
CHF 780.– / Monat,,"Herrligstr. 5, 8048 Zürich"
CHF 3’370.– / Monat,21m² Wohnfläche,"Brandschenkestrasse 10, 8001 Zürich"
CHF 4’910.– / Monat,4.5 Zimmer 77m² Wohnfläche,"Gubelstrasse 64, 8050 Zürich"
CHF 5’050.– / Monat,4.5 Zimmer 106m² Wohnfläche,"Gubelstrasse 64, 8050 Zürich"
CHF 4’910.– / Monat,4.5 Zimmer 87m² Wohnfläche,"Gubelstrasse 64, 8050 Zürich"
CHF 4’910.– / Monat,3 Zimmer 68m² Wohnfläche,"Gubelstrasse 64, 8050 Zürich"
CHF 5’380.– / Monat,102m² Wohnfläche,"Binzmühlestr. 50, 8050 Zurich"
CHF 3’680.– / Monat,39m² Wohnfläche,"Waffenplatzstrasse 72, 8002 Zurich"
CHF 3’220.– / Monat,24m² Wohnfläche,"Cramerstrasse 8-12, 8004 Zurich"
CHF 6’150.– / Monat,3 Zimmer 72m² Wohnfläche,"Cramerstrasse 2-6, 8004 Zurich"
CHF 3’990.– / Monat,39m² Wohnfläche,"Cramerstrasse 2-6, 8004 Zurich"
CHF 6’460.– / Monat,73m² Wohnfläche,"Militärstrasse 24, 8004 Zurich"
CHF 4’300.– / Monat,50m² Wohnfläche,"Militärstrasse 24, 8004 Zurich"
CHF 4’610.– / Monat,70m² Wohnfläche,"Binzmühlestr. 48, 8050 Zurich"
CHF 5’070.– / Monat,5 Zimmer 116m² Wohnfläche,"Binzmühlestr. 48, 8050 Zurich"
CHF 6’460.– / Monat,70m² Wohnfläche,"Gerechtigkeitsgasse 8, 8001 Zurich"
CHF 3’220.– / Monat,43m² Wohnfläche,"Binzmühlestr. 46, 8050 Zurich"
CHF 3’990.– / Monat,54m² Wohnfläche,"Freyastrasse 8, 8004 Zurich"
CHF 4’450.– / Monat,64m² Wohnfläche,"Freyastrasse 8, 8004 Zurich"
CHF 4’450.– / Monat,47m² Wohnfläche,"Rotachstrasse 33, 8003 Zurich"
CHF 3’830.– / Monat,45m² Wohnfläche,"Binzmühlestr. 46, 8050 Zurich"
CHF 5’130.– / Monat,6.5 Zimmer 145m² Wohnfläche,"Gubelstrasse 64, 8050 Zürich"
CHF 5’870.– / Monat,6 Zimmer 173m² Wohnfläche,"Gubelstrasse 64, 8050 Zürich"
CHF 1’570.– / Monat,2 Zimmer 16m² Wohnfläche,"Badenerstrasse, 8003 Zürich"
CHF 9’410.– / Monat,3 Zimmer 166m² Wohnfläche,"Bellariastrasse 36, 8002 Zurich"
CHF 4’300.– / Monat,64m² Wohnfläche,"Freyastrasse 8, 8004 Zurich"
CHF 5’690.– / Monat,58m² Wohnfläche,"Militärstrasse 24, 8004 Zurich"
CHF 6’300.– / Monat,70m² Wohnfläche,"Militärstrasse 24, 8004 Zurich"
CHF 4’610.– / Monat,60m² Wohnfläche,"Bellariastrasse 36, 8002 Zurich"
CHF 6’610.– / Monat,79m² Wohnfläche,"Militärstrasse 24, 8004 Zurich"
CHF 3’830.– / Monat,54m² Wohnfläche,"Freyastrasse 8, 8004 Zurich"
CHF 4’140.– / Monat,47m² Wohnfläche,"Militärstrasse 24, 8004 Zurich"
CHF 3’220.– / Monat,22m² Wohnfläche,"Militärstrasse 24, 8004 Zurich"
CHF 6’300.– / Monat,83m² Wohnfläche,"Militärstrasse 24, 8004 Zurich"
CHF 2’910.– / Monat,43m² Wohnfläche,"Binzmühlestr. 50, 8050 Zurich"
CHF 3’060.– / Monat,21m² Wohnfläche,"Cramerstrasse 8-12, 8004 Zurich"
CHF 4’450.– / Monat,49m² Wohnfläche,"Cramerstrasse 8-12, 8004 Zurich"
CHF 4’760.– / Monat,54m² Wohnfläche,"Cramerstrasse 2-6, 8004 Zurich"
CHF 6’300.– / Monat,3 Zimmer 89m² Wohnfläche,"Cramerstrasse 2-6, 8004 Zurich"
CHF 3’060.– / Monat,26m² Wohnfläche,"Cramerstrasse 2-6, 8004 Zurich"
CHF 3’830.– / Monat,43m² Wohnfläche,"Cramerstrasse 2-6, 8004 Zurich"
CHF 4’610.– / Monat,47m² Wohnfläche,"Gerechtigkeitsgasse 8, 8001 Zurich"
CHF 6’300.– / Monat,2 Zimmer 70m² Wohnfläche,"Gerechtigkeitsgasse 8, 8001 Zurich"
CHF 7’540.– / Monat,3 Zimmer 89m² Wohnfläche,"Gerechtigkeitsgasse 8, 8001 Zurich"
CHF 4’610.– / Monat,73m² Wohnfläche,"Waffenplatzstrasse 72, 8002 Zurich"
CHF 5’070.– / Monat,58m² Wohnfläche,"Gerechtigkeitsgasse 8, 8001 Zurich"
CHF 3’530.– / Monat,39m² Wohnfläche,"Waffenplatzstrasse 72, 8002 Zurich"
CHF 3’060.– / Monat,18m² Wohnfläche,"Waffenplatzstrasse 72, 8002 Zurich"
CHF 5’840.– / Monat,98m² Wohnfläche,"Binzmühlestr. 46, 8050 Zurich"
CHF 2’910.– / Monat,25m² Wohnfläche,"Binzmühlestr. 48, 8050 Zurich"
CHF 4’760.– / Monat,70m² Wohnfläche,"Binzmühlestr. 48, 8050 Zurich"
CHF 6’300.– / Monat,150m² Wohnfläche,"Waffenplatzstrasse 72, 8002 Zurich"
CHF 2’910.– / Monat,22m² Wohnfläche,"Binzmühlestr. 46, 8050 Zurich"
CHF 3’680.– / Monat,43m² Wohnfläche,"Binzmühlestr. 46, 8050 Zurich"
CHF 7’860.– / Monat,6.5 Zimmer 160m² Wohnfläche,"Seefeldstrasse, 8008 Zürich"
CHF 3’750.– / Monat,3 Zimmer 102m² Wohnfläche,"Seefeldstrasse, 8008 Zürich"
CHF 3’130.– / Monat,4.5 Zimmer,"Friesenbergstrasse 233, 8055 Zürich"
CHF 2’380.– / Monat,2 Zimmer 49m² Wohnfläche,"Dufourstrasse 24, 8008 Zürich"
CHF 3’190.– / Monat,5 Zimmer,"Friesstrasse 28, 8050 Zürich"
CHF 1’660.– / Monat,2 Zimmer 52m² Wohnfläche,"Brahmsstrasse 139, 8003 Zürich"
CHF 2’460.– / Monat,3 Zimmer 106m² Wohnfläche,"Langgrütstrasse 37, 8047 Zürich"
CHF 9’960.– / Monat,9 Zimmer 410m² Wohnfläche,"Flühgasse, 8008 Zürich"
CHF 1’760.– / Monat,2 Zimmer 19m² Wohnfläche,"Brandschenkestrasse, 8002 Zürich"
CHF 1’760.– / Monat,2 Zimmer 21m² Wohnfläche,"Birchstrasse, 8050 Zürich"
CHF 2’550.– / Monat,3.5 Zimmer,"Bederstr. 102, 8002 Zürich"
CHF 4’760.– / Monat,4.5 Zimmer 127m² Wohnfläche,"Arbenzstrasse 20, 8008 Zürich"
CHF 9’070.– / Monat,6.5 Zimmer 150m² Wohnfläche,"Bergstrasse 109, 8032 Zürich"
CHF 6’690.– / Monat,6.5 Zimmer 164m² Wohnfläche,"Rotachstrasse 22, 8003 Zürich"
CHF 3’860.– / Monat,3 Zimmer 121m² Wohnfläche,"Zeltweg 62, 8032 Zürich"
CHF 2’430.– / Monat,3 Zimmer 108m² Wohnfläche,"Hofwiesenstr. 330, 8050 Zürich"
CHF 2’670.– / Monat,7.5 Zimmer,"Hofackerstrasse 40, 8032 Zürich"
CHF 3’250.– / Monat,6.5 Zimmer 154m² Wohnfläche,"Arianestrasse 19, 8052 Zürich"
CHF 4’600.– / Monat,6.5 Zimmer 160m² Wohnfläche,8046 Zürich
CHF 2’960.– / Monat,6 Zimmer,"Luegislandstrasse 485, 8051 Zürich"
CHF 4’570.– / Monat,2 Zimmer 56m² Wohnfläche,"Morgartenstrasse 15, 8004 Zürich"
CHF 4’140.– / Monat,6.5 Zimmer 145m² Wohnfläche,"Franklinstrasse 31, 8050 Zürich"
CHF 2’940.– / Monat,4.5 Zimmer 100m² Wohnfläche,"Bändlistrasse 73, 8064 Zürich"
CHF 580.– / Monat,,"Luegislandstrasse 483, 8051 Zürich"
CHF 4’410.– / Monat,3 Zimmer 120m² Wohnfläche,"Forchstrasse 84, 8008 Zürich"
CHF 3’690.– / Monat,3.5 Zimmer 83m² Wohnfläche,"Mythenquai 349a, 8038 Zürich"
CHF 3’990.– / Monat,4.5 Zimmer 135m² Wohnfläche,"Zollikerstrasse 164, 8008 Zürich"
CHF 7’140.–,8.5 Zimmer 240m² Wohnfläche,"Birmensdorferstrasse 553a, 8055 Zürich"
CHF 5’910.– / Monat,6.5 Zimmer 140m² Wohnfläche,"Nordstrasse 20, 8006 Zürich"
CHF 4’160.– / Monat,5 Zimmer,"Starengasse 7, 8052 Zürich"
CHF 4’130.– / Monat,4.5 Zimmer 154m² Wohnfläche,"8032 Zürich, nähe Kreuzplatz"
CHF 3’650.– / Monat,6.5 Zimmer 169m² Wohnfläche,"Michelstrasse 15, 8049 Zürich"
CHF 3’830.– / Monat,7.5 Zimmer 175m² Wohnfläche,"Michelstrasse 15, 8049 Zürich"
Preis auf Anfrage,4.5 Zimmer,"Kasinostrasse 8, 8032 Zürich"
Preis auf Anfrage,6.5 Zimmer,"Kasinostrasse 8, 8032 Zürich"
CHF 10’930.– / Monat,8.5 Zimmer,8057 ZÜRICH
CHF 5’540.– / Monat,4.5 Zimmer 102m² Wohnfläche,"Forchstrasse 84, 8008 Zürich"
CHF 4’030.– / Monat,6.5 Zimmer 148m² Wohnfläche,"Schächenstrasse 8, 8048 Zürich"
CHF 2’970.– / Monat,5 Zimmer,"Badenerstrasse 332, 8004 Zürich"
CHF 4’200.– / Monat,3 Zimmer 116m² Wohnfläche,"Schrennengasse 10, 8003 Zürich"
CHF 3’680.– / Monat,43m² Wohnfläche,"Albertstrasse 7, 8005 Zürich"
CHF 5’050.– / Monat,6.5 Zimmer 135m² Wohnfläche,"Badenerstrasse 362, 8004 Zürich"
CHF 4’240.– / Monat,2 Zimmer 50m² Wohnfläche,"Franklinstrasse 12, 8050 Zürich"
CHF 2’450.– / Monat,2 Zimmer 22m² Wohnfläche,"Gubelstrasse 64, 8050 Zürich"
CHF 4’570.– / Monat,4.5 Zimmer 116m² Wohnfläche,"Gubelstrasse 64, 8050 Zürich"
CHF 3’080.– / Monat,2 Zimmer 39m² Wohnfläche,"Schaffhauserstrasse 137, 8057 Zürich"
CHF 3’940.– / Monat,3 Zimmer 116m² Wohnfläche,"Hanfrose 8, 8055 Zürich"
CHF 4’610.– / Monat,3 Zimmer 116m² Wohnfläche,"Zelgstrasse 19, 8003 Zürich"
CHF 4’310.– / Monat,4.5 Zimmer 116m² Wohnfläche,"Asylstrasse 125, 8032 Zürich"
CHF 5’050.– / Monat,5 Zimmer 135m² Wohnfläche,"Friesstrasse 12, 8050 Zürich"
CHF 4’090.– / Monat,4.5 Zimmer 77m² Wohnfläche,"Friesstrasse 12, 8050 Zürich"
CHF 4’090.– / Monat,4.5 Zimmer 77m² Wohnfläche,"Asylstrasse 125, 8032 Zürich"
CHF 5’800.– / Monat,5 Zimmer 148m² Wohnfläche,"Universitätsstrasse 80/82, 8006 Zürich"
CHF 5’180.– / Monat,5 Zimmer 87m² Wohnfläche,"Zelgstrasse 19, 8003 Zürich"
CHF 4’380.– / Monat,3 Zimmer 58m² Wohnfläche,"Universitätsstrasse 80/82, 8006 Zürich"
CHF 5’510.– / Monat,4.5 Zimmer 97m² Wohnfläche,"Rotachstrasse 20, 8003 Zürich"
CHF 5’510.– / Monat,4.5 Zimmer 116m² Wohnfläche,"Kalkbreitestrasse 41, 8003 Zürich"
CHF 7’830.– / Monat,127m² Wohnfläche,"Bellariastrasse 36, 8002 Zurich"
CHF 6’280.– / Monat,5 Zimmer 154m² Wohnfläche,"Hardstrasse 236/238, 8005 Zurich"
CHF 4’760.– / Monat,154m² Wohnfläche,"Hardstrasse 236/238, 8005 Zurich"
CHF 7’050.– / Monat,3 Zimmer 104m² Wohnfläche,"Cramerstrasse 8-12, 8004 Zurich"
CHF 5’220.– / Monat,97m² Wohnfläche,"Waffenplatzstrasse 72, 8002 Zurich"
CHF 4’610.– / Monat,4.5 Zimmer 110m² Wohnfläche,"Im Heuried 70, 8055 Zürich"
CHF 3’900.– / Monat,6.5 Zimmer 131m² Wohnfläche,"Birchstrasse 183B, 8050 Zürich"
CHF 4’220.– / Monat,4.5 Zimmer 162m² Wohnfläche,"Witikonerstrasse 188, 8053 Zürich"
CHF 1’910.– / Monat,2 Zimmer 70m² Wohnfläche,"Kolbenacker 34, 8052 Zürich"
CHF 6’240.– / Monat,5 Zimmer 140m² Wohnfläche,"Fritz-Fleiner-Weg, 8044 Zürich"
CHF 3’320.– / Monat,4.5 Zimmer 139m² Wohnfläche,"Frankentalerstrasse 3, 8049 Zürich"
CHF 3’790.– / Monat,5 Zimmer 118m² Wohnfläche,"Eichbühlstrasse 64, 8004 Zürich"
CHF 5’870.– / Monat,6.5 Zimmer 146m² Wohnfläche,"Uhlandstrasse 6, 8037 Zürich"
CHF 6’690.– / Monat,4.5 Zimmer 145m² Wohnfläche,"Dufourstrasse 119, 8008 Zürich"
CHF 4’630.– / Monat,6 Zimmer 164m² Wohnfläche,"Sandstrasse 5, 8003 Zürich"
CHF 5’320.– / Monat,6.5 Zimmer 160m² Wohnfläche,"Badenerstrasse 131, 8004 Zürich"
CHF 3’940.– / Monat,3.5 Zimmer 77m² Wohnfläche,"Baumackerstrasse 8, 8050 Zürich"
CHF 5’890.– / Monat,6.5 Zimmer 183m² Wohnfläche,"Baumackerstrasse 8, 8050 Zürich"
CHF 3’860.– / Monat,5 Zimmer 154m² Wohnfläche,"Klosbachstrasse 72, 8032 Zürich"
CHF 3’720.– / Monat,2 Zimmer 179m² Wohnfläche,"Badenerstrasse 434, 8004 Zürich"
CHF 4’250.– / Monat,6.5 Zimmer 140m² Wohnfläche,"Kyburgstrasse 28, 8037 Zürich"
CHF 2’710.– / Monat,3 Zimmer 89m² Wohnfläche,"Regensbergstrasse 87, 8050 Zürich"
CHF 1’780.– / Monat,2 Zimmer 24m² Wohnfläche,"Scheuchzerstrasse 160, 8057 Zürich"
CHF 3’530.– / Monat,4.5 Zimmer 89m² Wohnfläche,"Grubenackerstrasse 71, 8052 Zürich"
CHF 3’840.– / Monat,4.5 Zimmer 83m² Wohnfläche,"Döltschiweg 39, 8055 Zurich"
CHF 4’410.– / Monat,4.5 Zimmer 104m² Wohnfläche,"Hinterbergstrasse 82, 8044 Zürich"
CHF 3’580.– / Monat,3.5 Zimmer 148m² Wohnfläche,"Limmattalstrasse 329, 8049 Zürich"
CHF 2’650.– / Monat,2 Zimmer 47m² Wohnfläche,"Militärstrasse 12, 8004 Zürich"
CHF 4’240.– / Monat,6.5 Zimmer 160m² Wohnfläche,"Saumackerstrasse 54, 8048 Zürich"
CHF 5’200.– / Monat,4.5 Zimmer 135m² Wohnfläche,"Naphtastrasse 10, 8005 Zurich"
CHF 5’070.– / Monat,47m² Wohnfläche,"Zweierstrasse 24, 8004 Zurich"
CHF 1’040.– / Monat,,"Luegislandstrasse 485, 8051 Zürich"
CHF 2’500.– / Monat,5 Zimmer 120m² Wohnfläche,"Wehntalerstrasse 502, 8046 Zürich"
CHF 2’060.– / Monat,3.5 Zimmer 22m² Wohnfläche,"Zinistrasse 9, 8004 Zürich"
CHF 5’200.– / Monat,2 Zimmer 87m² Wohnfläche,"Germaniastrasse 99, 8044 Zürich"
CHF 3’340.– / Monat,4.5 Zimmer 131m² Wohnfläche,"Beckenhofstrasse 15, 8006 Zürich"
CHF 3’540.– / Monat,3.5 Zimmer 114m² Wohnfläche,"Beckenhofstrasse 6, 8006 Zürich"
CHF 1’980.– / Monat,2 Zimmer,"SAATLENSTRASSE 17, 8051 Zürich"
CHF 3’680.– / Monat,4.5 Zimmer 114m² Wohnfläche,"Hanfrose 17, 8055 Zürich"
CHF 3’370.– / Monat,3 Zimmer 89m² Wohnfläche,"Imbisbühlstrasse 4, 8049 Zürich"
CHF 5’430.– / Monat,7.5 Zimmer 160m² Wohnfläche,"Birmensdorferstrasse 93, 8003 Zürich"
CHF 10’860.– / Monat,7.5 Zimmer 250m² Wohnfläche,"Drusbergstrasse 62, 8053 Zürich"
CHF 5’510.– / Monat,85m² Wohnfläche,"Bellariastrasse 36, 8002 Zurich"
CHF 5’660.– / Monat,89m² Wohnfläche,"Bellariastrasse 36, 8002 Zurich"
CHF 3’420.– / Monat,3 Zimmer 77m² Wohnfläche,"Universitätstrasse 80, 8006 Zürich"
CHF 5’020.– / Monat,6.5 Zimmer 140m² Wohnfläche,"Im Langwil 6, 8044 Gockhausen"
CHF 8’630.– / Monat,112m² Wohnfläche,"Brandschenkestrasse 10, 8001 Zürich"
CHF 9’250.– / Monat,131m² Wohnfläche,"Brandschenkestrasse 10, 8001 Zürich"
CHF 3’370.– / Monat,24m² Wohnfläche,"Brandschenkestrasse 10, 8001 Zürich"
CHF 4’010.– / Monat,3 Zimmer 72m² Wohnfläche,"Binzmühlestrasse 51, 8050 Zürich"
CHF 4’380.– / Monat,3 Zimmer 116m² Wohnfläche,"Universitätsstrasse 80/82, 8006 Zürich"
CHF 3’270.– / Monat,3.5 Zimmer 39m² Wohnfläche,"Dubsstrasse 30, 8003 Zürich"
CHF 3’120.– / Monat,2 Zimmer 22m² Wohnfläche,"Dubsstrasse 30, 8003 Zürich"
CHF 3’120.– / Monat,2 Zimmer 39m² Wohnfläche,"Morgartenstrasse 15, 8004 Zürich"
CHF 3’420.– / Monat,2 Zimmer 28m² Wohnfläche,"Universitätsstrasse 80/82, 8006 Zürich"
CHF 3’420.– / Monat,2 Zimmer 28m² Wohnfläche,"Universitätsstrasse 80/82, 8006 Zürich"
CHF 3’420.– / Monat,2 Zimmer 41m² Wohnfläche,"Universitätsstrasse 80/82, 8006 Zürich"
CHF 2’600.– / Monat,2 Zimmer 18m² Wohnfläche,"Schaffhauserstrasse 137, 8057 Zürich"
CHF 4’380.– / Monat,3 Zimmer 87m² Wohnfläche,"Zelgstrasse 19, 8003 Zürich"
CHF 3’640.– / Monat,2 Zimmer 49m² Wohnfläche,"Langstrasse 213, 8005 Zürich"
CHF 4’380.– / Monat,4.5 Zimmer 106m² Wohnfläche,"Badenerstrasse 362, 8004 Zürich"
CHF 5’330.– / Monat,6.5 Zimmer 135m² Wohnfläche,"Zelgstrasse 19, 8003 Zürich"
CHF 4’380.– / Monat,3 Zimmer 58m² Wohnfläche,"Universitätsstrasse 80/82, 8006 Zürich"
CHF 4’760.– / Monat,5 Zimmer 145m² Wohnfläche,"Friesstrasse 12, 8050 Zürich"
CHF 3’420.– / Monat,2 Zimmer 41m² Wohnfläche,"Universitätsstrasse 80/82, 8006 Zürich"
CHF 4’910.– / Monat,4.5 Zimmer 77m² Wohnfläche,"Langstrasse 213, 8005 Zürich"
CHF 4’090.– / Monat,3 Zimmer 68m² Wohnfläche,"Langstrasse 213, 8005 Zürich"
CHF 3’270.– / Monat,2 Zimmer 58m² Wohnfläche,"Friesstrasse 12, 8050 Zürich"
CHF 2’940.– / Monat,2 Zimmer 39m² Wohnfläche,"Binzmühlestrasse 51, 8050 Zürich"
CHF 3’120.– / Monat,2 Zimmer 39m² Wohnfläche,"Dubsstrasse 30, 8003 Zürich"
CHF 4’090.– / Monat,3 Zimmer 77m² Wohnfläche,"Friesstrasse 16, 8050 Zürich"
CHF 4’420.– / Monat,3 Zimmer 87m² Wohnfläche,"Zelgstrasse 19, 8003 Zürich"
CHF 3’120.– / Monat,2 Zimmer 58m² Wohnfläche,"Friesstrasse 12, 8050 Zürich"
CHF 4’090.– / Monat,3 Zimmer 77m² Wohnfläche,"Friesstrasse 16, 8050 Zürich"
CHF 3’120.– / Monat,2 Zimmer 26m² Wohnfläche,"Badenerstrasse 362, 8004 Zürich"
CHF 3’420.– / Monat,2 Zimmer 25m² Wohnfläche,"Universitätsstrasse 80/82, 8006 Zürich"
CHF 3’270.– / Monat,2 Zimmer 39m² Wohnfläche,"Morgartenstrasse 15, 8004 Zürich"
CHF 3’190.– / Monat,3.5 Zimmer 68m² Wohnfläche,"Gubelstrasse 64, 8050 Zürich"
CHF 3’250.– / Monat,3.5 Zimmer 49m² Wohnfläche,"Friesstrasse 33, 8050 Zürich"
CHF 3’250.– / Monat,3.5 Zimmer 49m² Wohnfläche,"Friesstrasse 33, 8050 Zürich"
CHF 3’270.– / Monat,3.5 Zimmer 50m² Wohnfläche,"Friesstrasse 16, 8050 Zürich"
CHF 3’940.– / Monat,3 Zimmer 77m² Wohnfläche,"Friesstrasse 8, 8050 Zürich"
CHF 2’650.– / Monat,2 Zimmer 22m² Wohnfläche,"Friesstrasse 8, 8050 Zürich"
CHF 2’800.– / Monat,3.5 Zimmer 39m² Wohnfläche,"Friesstrasse 8, 8050 Zürich"
CHF 3’690.– / Monat,2 Zimmer 39m² Wohnfläche,"Binzmühlestrasse 51, 8050 Zürich"
CHF 3’570.– / Monat,2 Zimmer 58m² Wohnfläche,"Binzmühlestrasse 51, 8050 Zürich"
CHF 3’340.– / Monat,2 Zimmer 49m² Wohnfläche,"Binzmühlestrasse 51, 8050 Zürich"
CHF 3’120.– / Monat,2 Zimmer 39m² Wohnfläche,"Asylstrasse 125, 8032 Zürich"
CHF 3’120.– / Monat,2 Zimmer 43m² Wohnfläche,"Asylstrasse 125, 8032 Zürich"
CHF 4’610.– / Monat,75m² Wohnfläche,"Binzmühlestr. 50, 8050 Zurich"
CHF 4’910.– / Monat,66m² Wohnfläche,"Binzmühlestr. 50, 8050 Zurich"
CHF 6’000.– / Monat,3 Zimmer 72m² Wohnfläche,"Cramerstrasse 2-6, 8004 Zurich"
CHF 3’700.– / Monat,4.5 Zimmer 110m² Wohnfläche,"Im Heuried 70, 8055 Zürich"
CHF 3’720.– / Monat,4.5 Zimmer 173m² Wohnfläche,"Wehntalerstrasse, 8046 Zürich"
CHF 2’040.– / Monat,2 Zimmer 43m² Wohnfläche,"Predigerplatz, 8001 Zürich"
CHF 2’000.– / Monat,2 Zimmer 49m² Wohnfläche,"Müllerstrasse, 8004 Zürich"
CHF 3’420.– / Monat,6.5 Zimmer 166m² Wohnfläche,"Leimbachstrasse 43, 8041 Zürich"
CHF 2’970.– / Monat,4.5 Zimmer,"Dufourstrasse, 8008 Zurich"
CHF 4’760.– / Monat,6.5 Zimmer 164m² Wohnfläche,"Delphinstrasse, 8008 Zürich"
CHF 4’770.– / Monat,7.5 Zimmer 170m² Wohnfläche,"Rudolf-Hägi-Strasse, 8052 Zürich"
CHF 2’240.– / Monat,3.5 Zimmer 43m² Wohnfläche,"Manessestrasse, 8045 Zürich"
CHF 5’640.– / Monat,4.5 Zimmer 125m² Wohnfläche,"Susenbergstrasse 177, 8044 Zürich"
CHF 4’130.– / Monat,6.5 Zimmer 145m² Wohnfläche,"Waffenplatzstrasse 46, 8002 Zürich"
CHF 1’560.– / Monat,3.5 Zimmer 73m² Wohnfläche,"Althoossteig 15, 8046 Zürich"
CHF 1’780.– / Monat,2 Zimmer 24m² Wohnfläche,"Langfurren, 8057 Zürich"
CHF 4’310.– / Monat,4.5 Zimmer 145m² Wohnfläche,"Restelbergstrasse 26, 8044 Zürich"
CHF 5’500.– / Monat,6.5 Zimmer 177m² Wohnfläche,"Germaniastrasse, 8006 Zürich"
CHF 10’410.– / Monat,13.5 Zimmer 310m² Wohnfläche,8002 Zürich
CHF 4’040.– / Monat,5 Zimmer 145m² Wohnfläche,"Grüngasse, 8004 Zürich"
CHF 6’390.– / Monat,6.5 Zimmer 150m² Wohnfläche,"Turbinenstrasse, 8005 Zürich"
CHF 7’700.– / Monat,8.5 Zimmer 200m² Wohnfläche,"Dufourstrasse, 8008 Zürich"
CHF 1’780.– / Monat,2 Zimmer 24m² Wohnfläche,"Langfurren, 8057 Zürich"
CHF 5’950.– / Monat,4.5 Zimmer 140m² Wohnfläche,"Hügelstrasse, 8002 Zürich"
Preis auf Anfrage,15 Zimmer,"Brauerstrasse 52, 8004 Zürich"
CHF 590.– / Monat,2 Zimmer 25m² Wohnfläche,"Chaletweg 3, 8050 Zürich"
CHF 1’630.– / Monat,2 Zimmer 22m² Wohnfläche,"Lerchenstrasse, 8045 Zürich"
CHF 3’690.– / Monat,3 Zimmer,"Friesstrasse 12, 8050 Zürich"
CHF 4’140.– / Monat,3 Zimmer,"Friesstrasse 12, 8050 Zürich"
CHF 2’940.– / Monat,2 Zimmer 22m² Wohnfläche,"Asylstrasse 125, 8032 Zürich"
CHF 2’450.– / Monat,2 Zimmer 18m² Wohnfläche,"Badenerstrasse 362, 8004 Zürich"
CHF 2’150.– / Monat,2 Zimmer 15m² Wohnfläche,"Badenerstrasse 362, 8004 Zürich"
CHF 4’140.– / Monat,41m² Wohnfläche,"Militärstrasse 24, 8004 Zurich"
CHF 4’760.– / Monat,7.5 Zimmer 181m² Wohnfläche,"Herrligstrasse 5, 8048 Zürich"
CHF 4’990.– / Monat,4.5 Zimmer 154m² Wohnfläche,"Badenerstrasse 841, 8048 Zürich"
CHF 4’700.– / Monat,4.5 Zimmer 145m² Wohnfläche,"Badenerstrasse 841, 8048 Zürich"
CHF 3’120.– / Monat,2 Zimmer 62m² Wohnfläche,"Froschaugasse 18, 8001 Zürich"
CHF 2’820.– / Monat,6.5 Zimmer 166m² Wohnfläche,"Heerenwiesen23, 8051 Zürich"
CHF 1’680.– / Monat,3.5 Zimmer 68m² Wohnfläche,"Schaffhauserstr. 11, 8006 Zürich"
CHF 2’450.– / Monat,4.5 Zimmer 112m² Wohnfläche,"Schwandenholzstrasse 198a, 8046 Zürich"
CHF 3’340.– / Monat,4.5 Zimmer,"Albisriederstrasse 36, 8003 Zürich"
CHF 4’130.– / Monat,6.5 Zimmer 146m² Wohnfläche,"Habsburgstrasse 26, 8037 Zürich"
CHF 4’310.– / Monat,6.5 Zimmer 160m² Wohnfläche,"Käferholzstrasse 30, 8057 Zürich"
CHF 1’480.– / Monat,25m² Wohnfläche,"Ueberlandstrasse 287, 8051 Zürich"
CHF 4’100.– / Monat,4.5 Zimmer 145m² Wohnfläche,"In der Ey 29, 8047 Zürich"
CHF 1’630.– / Monat,4.5 Zimmer 145m² Wohnfläche,"Bodenacker 5, 8046 Zürich"
CHF 3’270.– / Monat,3 Zimmer,"Gräbligasse, 8001 Zürich"
CHF 4’880.– / Monat,6.5 Zimmer 125m² Wohnfläche,"Mattengasse 16, 8005 Zürich"
CHF 3’490.– / Monat,6.5 Zimmer 135m² Wohnfläche,"8005, 8005 Zürich"
CHF 5’020.– / Monat,7.5 Zimmer 140m² Wohnfläche,"Triemlistrasse 21, 8004 Zürich"
CHF 3’170.– / Monat,5 Zimmer 143m² Wohnfläche,"Langfurren 25, 8057 Zürich"
CHF 4’700.– / Monat,4.5 Zimmer 145m² Wohnfläche,"Badenerstrasse 849-855, 8048 Zürich"
CHF 6’480.– / Monat,7.5 Zimmer 210m² Wohnfläche,"Frauentalweg 102, 8045 Zürich"
CHF 5’020.– / Monat,6.5 Zimmer,"Schaffhauserstrasse 81, 8057 Zürich"
CHF 5’220.– / Monat,7.5 Zimmer 140m² Wohnfläche,"Wehntalerstrasse 432, 8046 Zürich"
CHF 1’150.– / Monat,2 Zimmer,8048 Zürich
CHF 2’750.– / Monat,3 Zimmer 70m² Wohnfläche,"Elisabethenstrasse 10-14, 8004 Zürich"
CHF 4’770.– / Monat,7.5 Zimmer 170m² Wohnfläche,"Rudolf-Hägi-Strasse, 8052 Zürich"
CHF 3’940.– / Monat,6.5 Zimmer 154m² Wohnfläche,"Kalchbühlstrasse, 8038 Zürich"
CHF 1’190.– / Monat,26m² Wohnfläche,"Neugutstrasse, 8002 Zürich"
CHF 2’000.– / Monat,3 Zimmer,8008 Zürich
CHF 930.– / Monat,2 Zimmer 15m² Wohnfläche,8004 Zürich
CHF 3’280.– / Monat,4.5 Zimmer 104m² Wohnfläche,"Grütstrasse 51, 8047 Zürich"
Preis auf Anfrage,13.5 Zimmer 420m² Wohnfläche,"Krönleinstrasse 11, 8044 Zürich"
CHF 6’390.– / Monat,7.5 Zimmer 170m² Wohnfläche,8006 Zürich
CHF 3’720.– / Monat,4.5 Zimmer 166m² Wohnfläche,"Konradstrasse, 8005 Zürich"
CHF 4’760.– / Monat,6.5 Zimmer,"Rotachstrasse, 8003 Zürich"
CHF 4’450.– / Monat,4.5 Zimmer 173m² Wohnfläche,"Gräbligasse, 8001 Zürich"
CHF 2’600.– / Monat,4.5 Zimmer 116m² Wohnfläche,8049 Zürich
CHF 3’790.– / Monat,6.5 Zimmer 148m² Wohnfläche,"Calandastrasse, 8048 Zürich"
CHF 2’080.– / Monat,4.5 Zimmer 154m² Wohnfläche,"sihlhallenstrasse, 8004 Zürich"
CHF 4’430.– / Monat,4.5 Zimmer 116m² Wohnfläche,"Limmatquai, 8001 Zürich"
CHF 4’610.– / Monat,6 Zimmer 135m² Wohnfläche,"Zurich, 8001 Zurich"
CHF 230.– / Monat,,"Feldblumenweg 5, 8048 Zürich"
CHF 3’390.– / Monat,4.5 Zimmer 108m² Wohnfläche,"kilchbergsteig, 8038 Zürich"
CHF 7’360.– / Monat,7.5 Zimmer 140m² Wohnfläche,"Seebach, 8052 Zürich"
CHF 1’780.– / Monat,,"Bucheggstrasse, 8037 Zürich"
CHF 3’570.– / Monat,4.5 Zimmer 114m² Wohnfläche,"Herbstweg, 8050 Zürich"
CHF 1’190.– / Monat,15m² Wohnfläche,"Bachmattstrasse 44, 8048 Zürich"
CHF 5’180.– / Monat,4.5 Zimmer 150m² Wohnfläche,"Brandschenkestrasse, 8001 Zürich"
CHF 5’130.– / Monat,6.5 Zimmer 140m² Wohnfläche,"Flurstrasse close to Hohlstrasse, 8048 Zürich"
CHF 7’730.– / Monat,8.5 Zimmer 240m² Wohnfläche,8055 Zürich
CHF 4’310.–,7.5 Zimmer 173m² Wohnfläche,8000 Zürich
CHF 8’850.– / Monat,10.5 Zimmer 220m² Wohnfläche,8006 Zürich
CHF 960.– / Monat,,"Ueberlandstrasse 43, 8050 Zürich"
CHF 1’190.– / Monat,2 Zimmer 58m² Wohnfläche,"idastrasse, 8003 Zürich"
CHF 1’420.– / Monat,15m² Wohnfläche,"Ackersteinstrasse, 8049 Zürich"
CHF 1’630.– / Monat,,"Oerlikon, 8050 Zürich"
CHF 16’210.– / Monat,15 Zimmer,8032 Zürich
CHF 4’760.– / Monat,4.5 Zimmer 171m² Wohnfläche,"Im Sträler, 8047 Zürich"
CHF 7’730.– / Monat,7.5 Zimmer 200m² Wohnfläche,8055 Zürich
CHF 1’630.– / Monat,22m² Wohnfläche,"mirabellenstrasse 4, 8048 Zürich"
CHF 2’540.– / Monat,4.5 Zimmer 106m² Wohnfläche,8052 Zürich
CHF 1’330.– / Monat,,8050 Zürich
CHF 4’680.– / Monat,6.5 Zimmer 173m² Wohnfläche,8055 Zürich
CHF 3’120.– / Monat,5 Zimmer,8038 Zürich
CHF 4’310.– / Monat,7.5 Zimmer 160m² Wohnfläche,8004 Zürich
CHF 3’570.– / Monat,6.5 Zimmer 140m² Wohnfläche,8041 Zürich
CHF 1’190.– / Monat,,8046 Zürich
CHF 3’690.– / Monat,4.5 Zimmer 139m² Wohnfläche,"Schauenbergstrasse 32, 8046 Zürich"
CHF 5’630.– / Monat,8.5 Zimmer 180m² Wohnfläche,"Schauenbergstrasse 30, 8046 Zürich"
CHF 5’170.– / Monat,6.5 Zimmer 160m² Wohnfläche,"Schauenbergstrasse 32, 8046 Zürich"
CHF 3’470.– / Monat,139m² Wohnfläche,"Schauenbergstrasse 30, 8046 Zürich"
CHF 3’840.– / Monat,6.5 Zimmer 127m² Wohnfläche,"Hoffeld 20, 8057 Zürich"
CHF 2’810.– / Monat,5 Zimmer,8055 Zürich
